Image,Class,Probability,Positive
02ca4397da55b3175aaa1ad2c99981e792f66151.png,VB.AT,99.99959468841553,1
149979213411fcac20f7cbc1a26e1521b80073aff05d4c0f967046ef5f23b13a.png,Allaple.A,93.62269043922424,1
28247211d1eb08370aa363f08821a653.png,Malex.gen!J,49.05477464199066,0
29c7e87350cb03428fc108b03856095b.png,Malex.gen!J,99.92450475692749,1
32f24601153be0885f11d62e0a8a2f0280a2034fc981d8184180c5d3b1b9e8cf.png,VB.AT,98.06044101715088,1
49cccd30a564410d1f9bbce89fa15890.png,Lolyda.AT,40.01774191856384,0
4c1dc737915d76b7ce579abddaba74ead6fdb5b519a1ea45308b8c49b950655c.png,VB.AT,99.99809265136719,1
5b2aa53001c0884222bebf931b8235e80cc798c46e3e28c5a4026ccd5590fabf.png,Lolyda.AA3,90.78682065010071,1
697158bcade7373ccc9e52ea1171d780988fc845d2b696898654e18954578920.png,Allaple.A,93.44351887702942,1
86e0eac8c5ce70c4b839ef18af5231b5f92e292b81e440193cdbdc7ed108049f.png,C2LOP.gen!g,54.472291469573975,0
b0b39f058a958778b15a5c4589a2938d.png,Allaple.A,63.90216946601868,0
cf8533849ee5e82023ad7adbdbd6543cb6db596c53048b1a0c00b3643a72db30.png,Allaple.A,83.36365818977356,1
ed01ebfbc9eb5bbea545af4d01bf5f1071661840480439c6e5babe8e080e41aa.png,Alueron.gen!J,95.97766399383545,1
grandcab.png,Fakerean,67.74479150772095,0
mssecsvc.png,Malex.gen!J,95.6514060497284,1
smb-0e89k3id.png,Allaple.A,82.75774717330933,1
smb-5rt1elnb.png,Dontovo.A,91.27711653709412,1
smb-7rwkaozq.png,Malex.gen!J,99.97217059135437,1
smb-7teux2sm.png,Agent.FYI,88.49831819534302,1
smb-82rfim2h.png,Agent.FYI,78.23769450187683,0
smb-_amx9zoe.png,Allaple.L,31.79885447025299,0
smb-b4tq2hti.png,Malex.gen!J,98.64848852157593,1
smb-b_8ti77_.png,Allaple.A,85.14598608016968,1
smb-d1674sc2.png,Wintrim.BX,50.301456451416016,0
smb-e0y16y2p.png,C2LOP.gen!g,42.174044251441956,0
smb-fvd4o59p.png,Allaple.A,74.07585382461548,0
smb-gab_1g0l.png,Allaple.A,77.56971716880798,0
smb-gv5k5anv.png,Dontovo.A,89.3824577331543,1
smb-id9dl67p.png,Lolyda.AA2,99.99992847442627,1
smb-ij2n4cyd.png,Swizzor.gen!I,51.477378606796265,0
smb-jfpzku0b.png,Alueron.gen!J,95.80289721488953,1
smb-kmnr7qja.png,Lolyda.AT,95.16425132751465,1
smb-lyqgstbu.png,Malex.gen!J,99.99814033508301,1
smb-oat1c4ef.png,VB.AT,99.99809265136719,1
smb-ojjfqxul.png,Malex.gen!J,99.97217059135437,1
smb-tkas_857.png,Allaple.L,51.41414999961853,0
smb-vasyl9yj.png,Agent.FYI,78.57821583747864,0
smb-y16ftv9_.png,Allaple.L,48.44415783882141,0
smb-z7uhqxx6.png,Malex.gen!J,32.42121934890747,0
